parent,number_of_components,number_of_tests,unit_tests,integration_tests,density,normalized_density,diversity,uniqueness,ddu
com.google.zxing.datamatrix.decoder.Version,19,46,26,20,0.2894736842105263,0.5789473684210527,0.5207729468599034,0.21052631578947367,0.06347371097461427
com.google.zxing.datamatrix.encoder.X12Encoder,5,21,18,3,0.3142857142857143,0.6285714285714286,0.2571428571428571,0.4,0.06465306122448979
com.google.zxing.pdf417.decoder.PDF417ScanningDecoder,25,11,0,11,0.5854545454545454,0.8290909090909091,0.7818181818181819,0.24,0.15556760330578512
com.google.zxing.common.DetectorResult,3,46,0,46,0.7536231884057971,0.49275362318840576,0.39420289855072466,0.6666666666666666,0.1294966043548274
com.google.zxing.pdf417.decoder.DetectionResult,36,11,0,11,0.47474747474747475,0.9494949494949495,0.7090909090909091,0.1388888888888889,0.09351086623813896
com.google.zxing.datamatrix.encoder.SymbolInfo,21,23,0,23,0.18219461697722567,0.36438923395445133,0.45849802371541504,0.47619047619047616,0.0795579731577571
com.google.zxing.oned.rss.expanded.ExpandedPair,11,85,0,85,0.47807486631016044,0.9561497326203209,0.6070028011204482,0.5454545454545454,0.3165739450860558
com.google.zxing.common.reedsolomon.ReedSolomonDecoder,5,70,2,68,0.8314285714285714,0.3371428571428572,0.6240165631469979,0.8,0.16830618160307606
com.google.zxing.oned.Code93Reader,8,49,1,48,0.6147959183673469,0.7704081632653061,0.29421768707483,0.625,0.14166731743717897
com.google.zxing.aztec.encoder.Encoder,11,18,1,17,0.7525252525252525,0.49494949494949503,0.21568627450980393,0.36363636363636365,0.038819568231332945
com.google.zxing.oned.rss.expanded.ExpandedRow,8,36,0,36,0.4409722222222222,0.8819444444444444,0.39841269841269844,0.5,0.17568893298059965
com.google.zxing.ChecksumException,4,47,0,47,0.5,1.0,0.0,0.5,0.0
com.google.zxing.oned.CodaBarWriter,2,3,0,3,1.0,0.0,0.0,0.5,0.0
com.google.zxing.client.result.VINResultParser,8,14,12,2,0.21428571428571427,0.4285714285714286,0.39560439560439564,0.5,0.08477237048665621
com.google.zxing.qrcode.encoder.ByteMatrix,10,25,0,25,0.624,0.752,0.9166666666666666,1.0,0.6893333333333334
com.google.zxing.multi.GenericMultipleBarcodeReader,5,1,0,1,1.0,0.0,0,0.2,0.0
com.google.zxing.oned.rss.expanded.decoders.DecodedNumeric,7,28,0,28,0.7142857142857143,0.5714285714285714,0.0,0.2857142857142857,0.0
com.google.zxing.qrcode.encoder.QRCode,13,15,4,11,0.4461538461538462,0.8923076923076924,0.8380952380952381,0.46153846153846156,0.3451563820794591
com.google.zxing.pdf417.decoder.BoundingBox,14,11,0,11,0.6883116883116883,0.6233766233766234,0.5454545454545454,0.14285714285714285,0.04857480182155506
com.google.zxing.oned.UPCEANReader,11,58,4,54,0.6489028213166145,0.702194357366771,0.7997580157289776,0.6363636363636364,0.3573726328478304
com.google.zxing.qrcode.encoder.MatrixUtil,20,19,2,17,0.5552631578947368,0.8894736842105264,0.9298245614035088,0.6,0.4962326869806094
com.google.zxing.datamatrix.encoder.DefaultPlacement,14,4,0,4,0.5892857142857143,0.8214285714285714,1.0,0.42857142857142855,0.35204081632653056
com.google.zxing.RGBLuminanceSource,6,4,3,1,0.2916666666666667,0.5833333333333334,0.8333333333333334,0.6666666666666666,0.32407407407407407
com.google.zxing.datamatrix.encoder.DataMatrixSymbolInfo144,3,1,1,0,0.3333333333333333,0.6666666666666666,0,0.6666666666666666,0.0
com.google.zxing.pdf417.decoder.DetectionResultColumn,8,11,0,11,0.5568181818181818,0.8863636363636365,0.6363636363636364,0.5,0.2820247933884298
com.google.zxing.client.result.AddressBookAUResultParser,3,67,64,3,0.3482587064676617,0.6965174129353234,0.08774310266847585,1.0,0.06111459887356527
com.google.zxing.client.result.EmailAddressParsedResult,10,9,0,9,0.5333333333333333,0.9333333333333333,0.5833333333333333,0.5,0.2722222222222222
com.google.zxing.qrcode.detector.FinderPatternFinder,19,33,0,33,0.532695374800638,0.934609250398724,0.8333333333333334,0.47368421052631576,0.36892470410475947
com.google.zxing.qrcode.decoder.DataBlock,4,38,0,38,1.0,0.0,0.0,0.25,0.0
com.google.zxing.client.result.ParsedResult,8,74,3,71,0.2905405405405405,0.581081081081081,0.4265087004813032,0.75,0.18587710257462198
com.google.zxing.client.result.ExpandedProductResultParser,4,16,14,2,0.328125,0.65625,0.35,0.75,0.17226562499999998
com.google.zxing.pdf417.decoder.BarcodeValue,4,11,0,11,0.6363636363636364,0.7272727272727273,0.5454545454545454,0.75,0.29752066115702475
com.google.zxing.aztec.AztecWriter,5,1,0,1,1.0,0.0,0,0.2,0.0
com.google.zxing.client.result.ExpandedProductParsedResult,21,2,0,2,0.42857142857142855,0.8571428571428571,1.0,0.19047619047619047,0.16326530612244897
com.google.zxing.client.result.VEventResultParser,5,55,41,14,0.34545454545454546,0.6909090909090909,0.4222222222222223,0.8,0.23337373737373743
com.google.zxing.oned.rss.expanded.decoders.DecodedInformation,5,28,0,28,0.7071428571428572,0.5857142857142856,0.4735449735449735,0.6,0.16641723356009067
com.google.zxing.pdf417.decoder.BarcodeMetadata,6,5,0,5,1.0,0.0,0.0,0.16666666666666666,0.0
com.google.zxing.aztec.decoder.Decoder,15,21,0,21,0.6222222222222222,0.7555555555555555,0.6095238095238096,0.5333333333333333,0.24561552028218697
com.google.zxing.pdf417.decoder.ec.ModulusGF,11,9,1,8,0.6666666666666666,0.6666666666666667,0.6944444444444444,0.36363636363636365,0.1683501683501684
com.google.zxing.common.BitMatrix,28,118,0,118,0.33565375302663436,0.6713075060532687,0.8897580761987541,0.7857142857142857,0.4693081447400813
com.google.zxing.ResultMetadataType,3,2,1,1,0.5,1.0,1.0,0.6666666666666666,0.6666666666666666
com.google.zxing.qrcode.decoder.ErrorCorrectionLevel,5,53,51,2,0.21132075471698114,0.4226415094339623,0.37227866473149496,0.8,0.1258723334337432
com.google.zxing.client.result.URIParsedResult,7,10,0,10,0.6142857142857143,0.7714285714285714,0.7333333333333334,0.5714285714285714,0.32326530612244897
com.google.zxing.common.BitArray,27,199,0,199,0.288107202680067,0.576214405360134,0.8969087863560226,0.9259259259259259,0.4785294101781621
com.google.zxing.DecodeHintType,4,1,0,1,0.5,1.0,0,0.5,0.0
com.google.zxing.pdf417.decoder.ec.ModulusPoly,13,9,1,8,0.6068376068376068,0.7863247863247864,0.5555555555555556,0.3076923076923077,0.1344144933888524
com.google.zxing.client.result.SMSTOMMSTOResultParser,2,32,32,0,0.5,1.0,0.0625,1.0,0.0625
com.google.zxing.pdf417.decoder.Codeword,12,6,0,6,0.7638888888888888,0.4722222222222223,0.6,0.3333333333333333,0.09444444444444446
com.google.zxing.oned.rss.expanded.BitArrayBuilder,2,55,55,0,0.5,1.0,0.0,1.0,0.0
com.google.zxing.client.result.AddressBookParsedResult,19,16,0,16,0.4605263157894737,0.9210526315789473,0.4,0.21052631578947367,0.0775623268698061
com.google.zxing.datamatrix.encoder.HighLevelEncoder,16,21,0,21,0.8244047619047619,0.3511904761904763,0.6238095238095238,0.25,0.054768990929705226
com.google.zxing.oned.CodaBarReader,8,52,4,48,0.9038461538461539,0.1923076923076923,0.47285067873303166,0.5,0.04546641141663765
com.google.zxing.pdf417.PDF417ResultMetadata,9,4,2,2,0.3888888888888889,0.7777777777777778,0.8333333333333334,0.4444444444444444,0.28806584362139914
com.google.zxing.maxicode.decoder.DecodedBitStreamParser,10,1,0,1,0.8,0.3999999999999999,0,0.2,0.0
com.google.zxing.datamatrix.detector.Detector,19,32,0,32,0.8026315789473685,0.39473684210526305,0.6693548387096775,0.2631578947368421,0.06953131981056206
com.google.zxing.oned.EAN13Reader,4,49,0,49,0.8112244897959183,0.37755102040816335,0.37755102040816324,0.5,0.07127238650562266
com.google.zxing.qrcode.QRCodeWriter,4,2,0,2,0.75,0.5,0.0,0.5,0.0
com.google.zxing.oned.Code39Writer,4,1,0,1,1.0,0.0,0,0.25,0.0
com.google.zxing.oned.UPCEWriter,4,3,0,3,0.75,0.5,0.0,0.5,0.0
com.google.zxing.oned.rss.expanded.decoders.CurrentParsingState,13,57,28,29,0.33468286099865047,0.6693657219973009,0.7092731829573935,0.5384615384615384,0.2556416994942458
com.google.zxing.qrcode.QRCodeReader,7,50,0,50,0.5371428571428571,0.9257142857142857,0.21959183673469385,0.7142857142857143,0.14519950020824657
com.google.zxing.qrcode.encoder.Encoder,25,22,9,13,0.30363636363636365,0.6072727272727273,0.9956709956709957,0.84,0.507900826446281
com.google.zxing.qrcode.detector.FinderPatternInfo,4,12,0,12,1.0,0.0,0.0,0.25,0.0
com.google.zxing.datamatrix.decoder.DecodedBitStreamParser,13,4,0,4,0.3269230769230769,0.6538461538461539,0.5,0.23076923076923078,0.07544378698224853
com.google.zxing.oned.ITFReader,9,49,1,48,0.9365079365079365,0.12698412698412698,0.3639455782312925,0.3333333333333333,0.015405103840477986
com.google.zxing.oned.rss.RSS14Reader,11,49,1,48,0.6716141001855288,0.6567717996289424,0.5748299319727892,0.7272727272727273,0.27456879192898276
com.google.zxing.common.DecoderResult,17,36,0,36,0.315359477124183,0.630718954248366,0.8269841269841269,0.6470588235294118,0.33750236478033474
com.google.zxing.oned.UPCEANExtension5Support,7,49,33,16,0.27696793002915454,0.5539358600583091,0.49234693877551017,0.5714285714285714,0.15584492855867876
com.google.zxing.datamatrix.decoder.DataBlock,4,20,0,20,1.0,0.0,0.0,0.25,0.0
com.google.zxing.client.result.BookmarkDoCoMoResultParser,2,72,71,1,0.5069444444444444,0.9861111111111112,0.02777777777777779,1.0,0.02739197530864199
com.google.zxing.qrcode.detector.AlignmentPatternFinder,6,11,0,11,1.0,0.0,0.0,0.16666666666666666,0.0
com.google.zxing.pdf417.decoder.DecodedBitStreamParser,11,4,0,4,0.5454545454545454,0.9090909090909092,0.8333333333333334,0.5454545454545454,0.4132231404958678
com.google.zxing.oned.Code93Writer,7,1,0,1,0.8571428571428571,0.2857142857142858,0,0.2857142857142857,0.0
com.google.zxing.oned.rss.expanded.decoders.DecodedChar,3,20,0,20,1.0,0.0,0.0,0.3333333333333333,0.0
com.google.zxing.LuminanceSource,10,113,0,113,0.2982300884955752,0.5964601769911504,0.05246523388116309,0.4,0.012517369074656254
com.google.zxing.client.result.CalendarParsedResult,19,13,0,13,0.6356275303643725,0.728744939271255,0.6025641025641026,0.3157894736842105,0.13866806536740484
com.google.zxing.oned.rss.AbstractRSSReader,12,101,1,100,0.7491749174917491,0.5016501650165017,0.6269306930693069,0.6666666666666666,0.2096665904214184
com.google.zxing.client.result.SMSParsedResult,8,6,0,6,0.4166666666666667,0.8333333333333334,0.8,0.5,0.33333333333333337
com.google.zxing.oned.rss.expanded.decoders.AI01393xDecoder,2,4,0,4,1.0,0.0,0.0,0.5,0.0
com.google.zxing.oned.rss.expanded.decoders.AI013x0x1xDecoder,5,25,0,25,1.0,0.0,0.0,0.2,0.0
com.google.zxing.oned.rss.expanded.decoders.GeneralAppIdDecoder,18,57,0,57,0.49610136452241715,0.9922027290448343,0.7211779448621554,0.5555555555555556,0.39753040278843094
com.google.zxing.oned.rss.expanded.decoders.DecodedObject,2,28,0,28,1.0,0.0,0.0,0.5,0.0
com.google.zxing.maxicode.MaxiCodeReader,5,49,3,46,0.5551020408163265,0.889795918367347,0.29166666666666663,0.8,0.2076190476190476
com.google.zxing.client.result.SMSMMSResultParser,3,36,32,4,0.37037037037037035,0.7407407407407407,0.2523809523809524,1.0,0.18694885361552027
com.google.zxing.client.result.ProductParsedResult,5,4,0,4,0.45,0.9,0.5,0.8,0.36000000000000004
com.google.zxing.datamatrix.encoder.DebugPlacement,2,1,0,1,1.0,0.0,0,0.5,0.0
com.google.zxing.aztec.encoder.SimpleToken,3,19,0,19,0.6666666666666666,0.6666666666666667,0.0,0.6666666666666666,0.0
com.google.zxing.qrcode.detector.AlignmentPattern,9,11,0,11,0.98989898989899,0.02020202020202011,0.18181818181818177,0.2222222222222222,0.0008162432404856607
com.google.zxing.aztec.detector.Detector,25,54,0,54,0.54,0.9199999999999999,0.49126484975541584,0.2,0.09039273235499651
com.google.zxing.oned.rss.expanded.decoders.AI01320xDecoder,3,7,0,7,1.0,0.0,0.0,0.3333333333333333,0.0
com.google.zxing.client.result.BizcardResultParser,4,57,55,2,0.2675438596491228,0.5350877192982456,0.10275689223057649,0.75,0.04123796332937609
com.google.zxing.oned.UPCEReader,7,52,4,48,0.6565934065934066,0.6868131868131868,0.7662141779788838,1.0,0.5262460013591235
com.google.zxing.pdf417.PDF417Writer,6,1,0,1,0.6666666666666666,0.6666666666666667,0,0.3333333333333333,0.0
com.google.zxing.client.result.AbstractDoCoMoResultParser,3,10,1,9,0.6333333333333333,0.7333333333333334,0.19999999999999996,0.6666666666666666,0.09777777777777776
com.google.zxing.qrcode.decoder.DecodedBitStreamParser,9,12,0,12,0.3333333333333333,0.6666666666666666,0.7727272727272727,0.8888888888888888,0.4579124579124579
com.google.zxing.oned.Code128Writer,8,5,0,5,0.65,0.7,0.4,0.375,0.10499999999999998
com.google.zxing.pdf417.detector.PDF417DetectorResult,3,50,0,50,0.74,0.52,0.35020408163265304,0.6666666666666666,0.12140408163265305
com.google.zxing.oned.UPCEANExtensionSupport,2,49,29,20,0.7040816326530612,0.5918367346938775,0.4931972789115646,1.0,0.291892267110926
com.google.zxing.aztec.encoder.HighLevelEncoder,10,19,0,19,0.7894736842105263,0.42105263157894735,0.7017543859649122,0.3,0.08864265927977838
com.google.zxing.datamatrix.encoder.C40Encoder,8,21,6,15,0.5476190476190477,0.9047619047619047,0.8523809523809524,0.625,0.482001133786848
com.google.zxing.oned.rss.DataCharacter,6,90,5,85,0.5203703703703704,0.9592592592592593,0.5375780274656679,0.8333333333333334,0.42973058368397526
com.google.zxing.datamatrix.DataMatrixWriter,5,3,0,3,0.8,0.3999999999999999,0.0,0.4,0.0
com.google.zxing.oned.rss.FinderPattern,6,92,0,92,0.5869565217391305,0.826086956521739,0.6865742952699474,0.8333333333333334,0.47264172500467383
com.google.zxing.common.BitSource,8,17,0,17,0.47794117647058826,0.9558823529411765,0.47058823529411764,0.375,0.16868512110726644
com.google.zxing.WriterException,3,3,3,0,0.3333333333333333,0.6666666666666666,0.6666666666666667,1.0,0.4444444444444445
com.google.zxing.common.PerspectiveTransform,8,36,0,36,0.8611111111111112,0.2777777777777777,0.05555555555555558,0.375,0.005787037037037038
com.google.zxing.qrcode.decoder.BitMatrixParser,8,47,3,44,0.8803191489361702,0.2393617021276595,0.39962997224791863,0.625,0.05978506898655696
com.google.zxing.oned.rss.expanded.decoders.BlockParsedResult,4,28,0,28,0.9910714285714286,0.017857142857142794,0.0714285714285714,0.5,0.0006377551020408138
com.google.zxing.maxicode.decoder.Decoder,4,49,8,41,0.6683673469387755,0.6632653061224489,0.2789115646258503,0.75,0.13874427321949184
com.google.zxing.qrcode.decoder.Version,20,70,3,67,0.3792857142857143,0.7585714285714286,0.8703933747412008,0.65,0.42916610470275063
com.google.zxing.pdf417.detector.Detector,8,50,0,50,0.875,0.25,0.0,0.25,0.0
com.google.zxing.BinaryBitmap,11,106,0,106,0.4039451114922813,0.8078902229845626,0.6675651392632524,0.6363636363636364,0.34320322222843336
com.google.zxing.multi.qrcode.QRCodeMultiReader,4,1,0,1,1.0,0.0,0,0.25,0.0
com.google.zxing.oned.rss.expanded.decoders.AI01weightDecoder,2,34,1,33,0.9852941176470589,0.02941176470588225,0.05882352941176472,1.0,0.001730103806228368
com.google.zxing.client.result.ISBNParsedResult,3,2,0,2,0.6666666666666666,0.6666666666666667,1.0,1.0,0.6666666666666667
com.google.zxing.client.result.ParsedResultType,3,1,1,0,0.3333333333333333,0.6666666666666666,0,0.6666666666666666,0.0
com.google.zxing.Result,26,182,22,160,0.2565511411665258,0.5131022823330516,0.8548357719628438,0.6923076923076923,0.30365874388666464
com.google.zxing.client.result.GeoParsedResult,7,2,0,2,0.5714285714285714,0.8571428571428572,1.0,0.42857142857142855,0.3673469387755102
com.google.zxing.ResultPoint,9,110,53,57,0.3434343434343434,0.6868686868686869,0.6652210175145955,0.6666666666666666,0.30461299118513463
com.google.zxing.oned.rss.expanded.RSSExpandedReader,21,101,1,100,0.6067892503536068,0.7864214992927865,0.8728712871287129,0.7142857142857143,0.49031767593813336
com.google.zxing.client.result.VINParsedResult,11,1,0,1,0.8181818181818182,0.36363636363636354,0,0.18181818181818182,0.0
com.google.zxing.pdf417.encoder.PDF417HighLevelEncoder,15,7,0,7,0.41904761904761906,0.8380952380952381,0.9523809523809523,0.6,0.4789115646258503
com.google.zxing.oned.OneDReader,8,107,4,103,0.5876168224299065,0.8247663551401869,0.6476811849761948,0.875,0.46741244394748166
com.google.zxing.datamatrix.encoder.SymbolShapeHint,3,1,1,0,0.3333333333333333,0.6666666666666666,0,0.6666666666666666,0.0
com.google.zxing.common.BitSourceBuilder,3,4,0,4,1.0,0.0,0.0,0.3333333333333333,0.0
com.google.zxing.PlanarYUVLuminanceSource,9,3,0,3,0.3333333333333333,0.6666666666666666,1.0,0.5555555555555556,0.37037037037037035
com.google.zxing.qrcode.decoder.Mode,6,25,4,21,0.32666666666666666,0.6533333333333333,0.72,1.0,0.4704
com.google.zxing.ReaderException,3,53,0,53,0.6729559748427673,0.6540880503144655,0.11030478955007261,1.0,0.07214904473715442
com.google.zxing.common.HybridBinarizer,7,54,1,53,0.9206349206349206,0.15873015873015883,0.5234102026554857,0.42857142857142855,0.03560613623506707
com.google.zxing.pdf417.decoder.ec.ErrorCorrection,5,9,3,6,0.5777777777777777,0.8444444444444446,0.6944444444444444,0.8,0.4691358024691359
com.google.zxing.datamatrix.decoder.BitMatrixParser,11,49,3,46,0.39888682745825604,0.7977736549165121,0.6811224489795918,0.5454545454545454,0.2963899339462552
com.google.zxing.client.result.VCardResultParser,12,65,42,23,0.2012820512820513,0.4025641025641026,0.5350961538461538,0.5833333333333334,0.12565612672583829
com.google.zxing.Binarizer,4,106,0,106,0.8608490566037735,0.27830188679245293,0.5407008086253369,0.75,0.11285854142297719
com.google.zxing.oned.rss.Pair,4,28,1,27,0.6071428571428571,0.7857142857142858,0.5767195767195767,1.0,0.4531368102796675
com.google.zxing.datamatrix.encoder.EncoderContext,21,21,0,21,0.8140589569160998,0.3718820861678005,0.819047619047619,0.3333333333333333,0.10152971241406616
com.google.zxing.multi.qrcode.detector.MultiFinderPatternFinder,8,1,0,1,0.875,0.25,0,0.25,0.0
com.google.zxing.oned.OneDimensionalCodeWriter,6,19,0,19,0.868421052631579,0.26315789473684204,0.7485380116959064,0.6666666666666666,0.13132245819226424
com.google.zxing.common.StringUtils,2,12,12,0,0.5,1.0,0.0,1.0,0.0
com.google.zxing.pdf417.PDF417Common,4,11,5,6,0.38636363636363635,0.7727272727272727,0.5454545454545454,0.75,0.31611570247933884
com.google.zxing.common.detector.WhiteRectangleDetector,6,54,0,54,0.9876543209876543,0.024691358024691468,0.07267645003494061,0.3333333333333333,0.0005981600825921065
com.google.zxing.oned.rss.expanded.decoders.AI01decoder,4,38,1,37,0.9671052631578947,0.06578947368421062,0.15220483641536275,0.75,0.0075101070599685685
com.google.zxing.pdf417.decoder.PDF417CodewordDecoder,6,6,0,6,0.8333333333333334,0.33333333333333326,0.0,0.3333333333333333,0.0
com.google.zxing.common.detector.MathUtils,5,111,55,56,0.4648648648648649,0.9297297297297298,0.63996723996724,1.0,0.5949965690506231
com.google.zxing.oned.rss.expanded.decoders.AbstractExpandedDecoder,4,57,0,57,0.9035087719298246,0.1929824561403508,0.4956140350877193,0.75,0.07173361034164355
com.google.zxing.datamatrix.decoder.Decoder,4,49,0,49,0.6020408163265306,0.7959183673469388,0.4931972789115646,0.75,0.294408579758434
com.google.zxing.oned.rss.RSSUtils,3,89,0,89,0.6666666666666666,0.6666666666666667,0.0,0.6666666666666666,0.0
com.google.zxing.qrcode.detector.Detector,14,33,0,33,0.37012987012987014,0.7402597402597403,0.5170454545454546,0.42857142857142855,0.1640348288075561
com.google.zxing.datamatrix.encoder.ASCIIEncoder,4,21,0,21,0.7976190476190477,0.40476190476190466,0.32380952380952377,0.5,0.06553287981859408
com.google.zxing.common.reedsolomon.GenericGFPoly,12,83,0,83,0.7419678714859438,0.5160642570281124,0.6144578313253012,0.5,0.15854986209899838
com.google.zxing.aztec.encoder.BinaryShiftToken,3,15,9,6,0.4666666666666667,0.9333333333333333,0.5142857142857142,1.0,0.48
com.google.zxing.client.result.URLTOResultParser,2,25,25,0,0.5,1.0,0.07999999999999996,1.0,0.07999999999999996
com.google.zxing.oned.rss.expanded.decoders.AI013103decoder,3,10,1,9,0.9333333333333333,0.1333333333333333,0.19999999999999996,0.6666666666666666,0.017777777777777767
com.google.zxing.qrcode.decoder.DataMask,6,46,0,46,0.5072463768115942,0.9855072463768115,0.04347826086956519,0.5,0.02142407057340893
com.google.zxing.Dimension,6,1,0,1,0.5,1.0,0,0.3333333333333333,0.0
com.google.zxing.oned.EANManufacturerOrgSupport,4,50,37,13,0.445,0.89,0.39265306122448984,0.5,0.17473061224489797
com.google.zxing.client.result.EmailDoCoMoResultParser,3,68,28,40,0.5294117647058824,0.9411764705882353,0.5087796312554873,1.0,0.47885141765222333
com.google.zxing.oned.Code128Reader,4,54,5,49,0.9166666666666666,0.16666666666666674,0.26764500349406006,0.75,0.03345562543675752
com.google.zxing.datamatrix.encoder.ErrorCorrection,4,4,0,4,0.75,0.5,0.0,0.5,0.0
com.google.zxing.pdf417.decoder.DetectionResultRowIndicatorColumn,9,11,0,11,0.5252525252525253,0.9494949494949494,0.5454545454545454,0.3333333333333333,0.17263544536271805
com.google.zxing.client.result.WifiParsedResult,7,4,0,4,0.5714285714285714,0.8571428571428572,0.0,0.2857142857142857,0.0
com.google.zxing.oned.rss.expanded.decoders.FieldParser,4,28,1,27,0.5892857142857143,0.8214285714285714,0.5767195767195767,1.0,0.4737339380196523
com.google.zxing.common.CharacterSetECI,8,7,1,6,0.30357142857142855,0.6071428571428571,0.5238095238095238,0.5,0.15901360544217685
com.google.zxing.qrcode.decoder.Decoder,7,50,3,47,0.5114285714285715,0.9771428571428571,0.4089795918367347,0.7142857142857143,0.28545106205747606
com.google.zxing.common.reedsolomon.GenericGF,24,83,0,83,0.7339357429718876,0.5321285140562249,0.7901851307669703,0.375,0.15768001479913185
com.google.zxing.qrcode.decoder.FormatInformation,8,49,8,41,0.6454081632653061,0.7091836734693877,0.37755102040816324,0.625,0.16734563723448562
com.google.zxing.client.result.ProductResultParser,2,17,17,0,0.5,1.0,0.11764705882352944,1.0,0.11764705882352944
com.google.zxing.pdf417.encoder.Compaction,3,1,0,1,0.6666666666666666,0.6666666666666667,0,0.6666666666666666,0.0
com.google.zxing.qrcode.detector.FinderPattern,29,33,0,33,0.4952978056426332,0.9905956112852664,0.8617424242424243,0.5172413793103449,0.4415370328514854
com.google.zxing.pdf417.PDF417Reader,11,50,0,50,0.3509090909090909,0.7018181818181818,0.3583673469387755,0.45454545454545453,0.11432214538708044
com.google.zxing.oned.UPCEANExtension2Support,4,49,34,15,0.4387755102040816,0.8775510204081632,0.48129251700680276,0.75,0.3167690545605998
com.google.zxing.oned.UPCAWriter,3,2,0,2,1.0,0.0,0.0,0.3333333333333333,0.0
com.google.zxing.pdf417.encoder.PDF417,32,7,0,7,0.24553571428571427,0.4910714285714286,0.9523809523809523,0.3125,0.14615221088435376
com.google.zxing.InvertedLuminanceSource,9,0,0,0,0,0.0,0,0,0.0
com.google.zxing.datamatrix.encoder.EdifactEncoder,6,21,19,2,0.24603174603174602,0.4920634920634921,0.18095238095238098,0.3333333333333333,0.029680020156210636
com.google.zxing.BufferedImageLuminanceSource,9,106,0,106,0.4444444444444444,0.8888888888888888,0.6492362982929021,0.6666666666666666,0.3847326212106086
com.google.zxing.maxicode.decoder.BitMatrixParser,2,41,0,41,1.0,0.0,0.0,0.5,0.0
com.google.zxing.aztec.AztecDetectorResult,4,17,0,17,1.0,0.0,0.0,0.25,0.0
com.google.zxing.client.result.GeoResultParser,2,30,30,0,0.5,1.0,0.06666666666666665,1.0,0.06666666666666665
com.google.zxing.aztec.encoder.AztecCode,11,16,0,16,0.8579545454545454,0.28409090909090917,0.6083333333333334,0.36363636363636365,0.06284435261707991
com.google.zxing.datamatrix.encoder.Base256Encoder,4,21,20,1,0.2857142857142857,0.5714285714285714,0.09523809523809523,0.5,0.027210884353741492
com.google.zxing.common.GlobalHistogramBinarizer,6,106,4,102,0.64937106918239,0.7012578616352201,0.09146451033243486,0.6666666666666666,0.042760137954157174
com.google.zxing.pdf417.encoder.BarcodeMatrix,6,1,0,1,0.6666666666666666,0.6666666666666667,0,0.3333333333333333,0.0
com.google.zxing.EncodeHintType,3,1,0,1,0.6666666666666666,0.6666666666666667,0,0.6666666666666666,0.0
com.google.zxing.client.result.WifiResultParser,2,29,29,0,0.5,1.0,0.06896551724137934,1.0,0.06896551724137934
com.google.zxing.client.result.ResultParser,16,74,1,73,0.2179054054054054,0.43581081081081074,0.7623102554609404,0.6875,0.22840334723375724
com.google.zxing.client.result.EmailAddressResultParser,2,43,43,0,0.5,1.0,0.046511627906976716,1.0,0.046511627906976716
com.google.zxing.oned.Code39Reader,8,50,0,50,0.7975,0.405,0.5485714285714286,0.5,0.1110857142857143
com.google.zxing.aztec.encoder.State,12,19,0,19,0.75,0.5,0.5614035087719298,0.3333333333333333,0.0935672514619883
com.google.zxing.oned.rss.expanded.decoders.AI013x0xDecoder,2,13,0,13,1.0,0.0,0.0,0.5,0.0
com.google.zxing.common.DefaultGridSampler,3,34,3,31,0.6470588235294118,0.7058823529411764,0.2192513368983957,1.0,0.15476564957533814
com.google.zxing.oned.EAN13Writer,3,4,0,4,1.0,0.0,0.0,0.3333333333333333,0.0
com.google.zxing.pdf417.encoder.BarcodeRow,5,1,0,1,0.8,0.3999999999999999,0,0.4,0.0
com.google.zxing.client.result.TelResultParser,2,37,37,0,0.5,1.0,0.05405405405405406,1.0,0.05405405405405406
com.google.zxing.pdf417.encoder.PDF417ErrorCorrection,4,1,0,1,0.5,1.0,0,0.5,0.0
com.google.zxing.oned.MultiFormatUPCEANReader,3,49,0,49,0.6666666666666666,0.6666666666666667,0.0,0.6666666666666666,0.0
com.google.zxing.datamatrix.encoder.TextEncoder,3,21,14,7,0.5555555555555556,0.8888888888888888,0.4666666666666667,0.6666666666666666,0.2765432098765432
com.google.zxing.oned.EAN8Reader,3,49,1,48,0.6870748299319728,0.6258503401360545,0.19047619047619047,1.0,0.1192095885973437
com.google.zxing.datamatrix.DataMatrixReader,6,49,0,49,0.6326530612244898,0.7346938775510203,0.18707482993197277,0.5,0.06872136609745938
com.google.zxing.client.result.AddressBookDoCoMoResultParser,3,70,66,4,0.3523809523809524,0.7047619047619048,0.11055900621118009,1.0,0.07791777580597455
com.google.zxing.client.result.URIResultParser,3,25,3,22,0.6266666666666667,0.7466666666666666,0.22666666666666668,1.0,0.16924444444444445
com.google.zxing.MultiFormatReader,7,49,0,49,0.44314868804664725,0.8862973760932945,0.19047619047619047,0.5714285714285714,0.09646774161559668
com.google.zxing.oned.rss.expanded.decoders.AI01392xDecoder,2,6,0,6,1.0,0.0,0.0,0.5,0.0
com.google.zxing.aztec.encoder.Token,4,19,0,19,0.9473684210526315,0.10526315789473695,0.3508771929824561,0.5,0.018467220683287183
com.google.zxing.client.result.TelParsedResult,5,2,0,2,0.6,0.8,1.0,0.6,0.48
com.google.zxing.client.result.TextParsedResult,4,12,1,11,0.4791666666666667,0.9583333333333334,0.16666666666666663,0.75,0.11979166666666663
com.google.zxing.common.reedsolomon.ReedSolomonEncoder,3,30,0,30,1.0,0.0,0.0,0.3333333333333333,0.0
com.google.zxing.qrcode.encoder.BlockPair,3,9,0,9,1.0,0.0,0.0,0.3333333333333333,0.0
com.google.zxing.client.result.ISBNResultParser,2,18,18,0,0.5,1.0,0.11111111111111116,1.0,0.11111111111111116
com.google.zxing.oned.MultiFormatOneDReader,3,49,0,49,0.6666666666666666,0.6666666666666667,0.0,0.6666666666666666,0.0
com.google.zxing.FormatException,4,52,0,52,0.5048076923076923,0.9903846153846154,0.11236802413273006,0.75,0.08346567177166729
com.google.zxing.aztec.AztecReader,4,51,2,49,0.49019607843137253,0.9803921568627451,0.07686274509803925,0.75,0.05651672433679357
com.google.zxing.BarcodeFormat,3,0,0,0,0,0.0,0,0,0.0
com.google.zxing.qrcode.encoder.MaskUtil,9,14,4,10,0.5793650793650794,0.8412698412698412,0.6813186813186813,0.6666666666666666,0.3821152392580963
com.google.zxing.oned.UPCEANWriter,2,9,0,9,1.0,0.0,0.0,0.5,0.0
com.google.zxing.common.GridSampler,4,34,0,34,0.5073529411764706,0.9852941176470589,0.05882352941176472,0.75,0.0434688581314879
com.google.zxing.oned.rss.expanded.decoders.AnyAIDecoder,2,24,0,24,1.0,0.0,0.0,0.5,0.0
com.google.zxing.oned.EAN8Writer,3,2,0,2,1.0,0.0,0.0,0.3333333333333333,0.0
com.google.zxing.multi.qrcode.detector.MultiDetector,2,1,0,1,1.0,0.0,0,0.5,0.0
com.google.zxing.common.reedsolomon.ReedSolomonException,1,51,51,0,1.0,0.0,0.0,1.0,0.0
com.google.zxing.oned.rss.expanded.decoders.AI01AndOtherAIs,2,6,0,6,1.0,0.0,0.0,0.5,0.0
com.google.zxing.client.result.SMTPResultParser,2,38,38,0,0.5,1.0,0.052631578947368474,1.0,0.052631578947368474
com.google.zxing.oned.rss.expanded.BinaryUtil,3,23,2,21,0.6376811594202898,0.7246376811594204,0.16600790513833996,1.0,0.1202955834335797
com.google.zxing.NotFoundException,2,104,103,1,0.5048076923076923,0.9903846153846154,0.019230769230769273,1.0,0.019045857988165722
